caseid,epidef,subtype,microdef,sequenced,wgs_rdm_cluster,epi_outbreak,year,month,week,day,studydate,age,sex,phecnm,postcode_home,postcode_uk_travel,postcode_exposure,qstatus,asymptomatic,hus,hospitalised,severe,diarrhoea,blood,nausea,vomit,abdopain,fever,travelexuk,travel_to_south_west,visit_rdm_farm,visit_any_farm,raw_dairy,raw_beef,raw_poultry,raw_lamb,raw_pork,other_raw_meat,country,home_lat,home_long,travel_lat,travel_long,exposure_lat,exposure_long
86,CO-PRIMARY,O157 PT 21/28 stx2a,CONFIRMED,YES,TRUE,Farm A 2009,2009,4,17,5,24/04/2009,1,M,South West,SG14 2NB,EX38 7BL,EX39 1RY,ENTERED,FALSE,TRUE,TRUE,1,TRUE,TRUE,FALSE,TRUE,FALSE,TRUE,NA,Yes,FALSE,TRUE,FALSE,TRUE,TRUE,FALSE,FALSE,FALSE,UK,51.81214,-0.13719,50.95383,-4.13746,51.05645,-4.19445
112,CO-PRIMARY,O157 PT 21/28 stx2a,CONFIRMED,YES,FALSE,Farm A 2009,2009,4,18,2,28/04/2009,1,M,South West,PL7 2DG,PL7 2DG,EX39 1PH,ENTERED,FALSE,FALSE,FALSE,0,TRUE,FALSE,NA,FALSE,NA,FALSE,NA,Resident,FALSE,TRUE,FALSE,FALSE,FALSE,FALSE,FALSE,FALSE,UK,50.39154,-4.04326,50.39154,-4.04326,51.05151175,-4.1937057
434,PRIMARY,O157 PT 21/28 stx2a,CONFIRMED,YES,TRUE,School A 2009,2009,8,33,6,15/08/2009,0,F,South West,PL9 0BD,PL9 0BD,PL5 3HD,ENTERED,FALSE,TRUE,TRUE,1,TRUE,TRUE,FALSE,TRUE,FALSE,TRUE,NA,Resident,FALSE,FALSE,FALSE,FALSE,FALSE,FALSE,FALSE,FALSE,UK,50.32372,-4.11117,50.32372,-4.11117,50.40327,-4.14606
435,PRIMARY,O157 PT 21/28 stx2a,CONFIRMED,YES,FALSE,School A 2009,2009,8,33,5,14/08/2009,2,M,South West,PL5 3TW,TR8 4AT,PL2 3TW,ENTERED,FALSE,FALSE,FALSE,0,TRUE,FALSE,FALSE,TRUE,FALSE,FALSE,FRANCE,Resident,FALSE,TRUE,FALSE,TRUE,TRUE,FALSE,TRUE,FALSE,UK,50.41080293,-4.150397267,50.43068,-5.0475,50.40183,-4.14848
738,SECONDARY,O157 PT 21/28 stx2a,CONFIRMED,NO,FALSE,School A 2009,2009,8,35,1,24/08/2009,31,F,South West,PL5 3TA,PL5 3TA,PL5 3UN,ENTERED,FALSE,FALSE,NA,0,NA,NA,NA,NA,NA,NA,NA,Resident,FALSE,NA,FALSE,FALSE,FALSE,FALSE,FALSE,FALSE,UK,50.41288,-4.14594,50.41288,-4.14594,50.40569,-4.14317
739,SECONDARY,O157 PT 21/28 stx2a,CONFIRMED,YES,FALSE,School A 2009,2009,8,35,1,24/08/2009,33,M,South West,PL5 3JA,PL5 3JA,PL2 3TN,ENTERED,FALSE,FALSE,NA,0,NA,NA,NA,NA,NA,NA,NA,Resident,FALSE,NA,FALSE,FALSE,FALSE,FALSE,FALSE,FALSE,UK,50.41035,-4.14773,50.41035,-4.14773,50.40219,-4.14877
743,SECONDARY,O157 PT 21/28 stx2a,CONFIRMED,YES,FALSE,School A 2009,2009,8,35,1,24/08/2009,5,F,South West,PL5 3NY,PL5 3NY,PL2 2RA,ENTERED,FALSE,FALSE,NA,0,NA,NA,NA,NA,NA,NA,NA,Resident,FALSE,NA,FALSE,FALSE,FALSE,FALSE,FALSE,FALSE,UK,50.403,-4.15911,50.403,-4.15911,50.3942,-4.16034
813,UNSURE,O157 PT 21/28 stx2a,CONFIRMED,YES,FALSE,Farm A 2009,2009,5,19,2,05/05/2009,4,F,South West,PL7 2BQ,PL7 2BQ,EX39 1PS,LOST,FALSE,FALSE,NA,0,NA,NA,NA,NA,NA,NA,NA,Resident,FALSE,NA,NA,NA,NA,NA,NA,NA,UK,50.39287,-4.04235,50.39287,-4.04235,51.05286,-4.19251
815,UNSURE,O157 PT 21/28 stx2a,CONFIRMED,YES,FALSE,Farm A 2009,2009,5,19,2,05/05/2009,37,F,South West,PL7 5BN,PL7 5BN,EX39 4LF,LOST,FALSE,FALSE,NA,0,NA,NA,NA,NA,NA,NA,NA,Resident,FALSE,NA,NA,NA,NA,NA,NA,NA,UK,50.40226,-4.03995,50.40226,-4.03995,51.05981,-4.17706
1018,UNSURE,O157 PT 21/28 stx2a,CONFIRMED,YES,FALSE,School A 2009,2009,8,35,2,25/08/2009,31,F,South West,PL5 3AB,PL5 3AB,PL5 3UP,ENTERED,TRUE,FALSE,NA,0,NA,NA,NA,NA,NA,NA,NA,Resident,FALSE,NA,FALSE,FALSE,FALSE,FALSE,FALSE,FALSE,UK,50.40427,-4.13508,50.40427,-4.13508,50.40621,-4.14359
1022,PRIMARY,O157 PT 21/28 stx2a,CONFIRMED,YES,FALSE,School A 2009,2009,8,34,1,17/08/2009,2,F,South West,PL2 3SU,PL2 3SU,PL2 3TW,ENTERED,FALSE,FALSE,FALSE,0,TRUE,FALSE,FALSE,FALSE,FALSE,TRUE,NA,Resident,FALSE,FALSE,FALSE,FALSE,FALSE,FALSE,FALSE,FALSE,UK,50.39933365,-4.141579438,50.39933365,-4.141579438,50.40183,-4.14848
1042,UNSURE,O157 PT 21/28 stx2a,CONFIRMED,YES,FALSE,Farm B 2009,2009,10,40,4,01/10/2009,3,M,South West,TQ12 5JR,TQ12 5JR,TQ3 1RN,ENTERED,TRUE,FALSE,NA,0,NA,NA,NA,NA,NA,NA,NA,Resident,FALSE,NA,FALSE,FALSE,FALSE,FALSE,FALSE,FALSE,UK,50.49607342,-3.572402525,50.49607342,-3.572402525,50.45637373,-3.585150336
1272,PRIMARY,SERA O157 +VE,PROBABLE,NO,FALSE,Farm B 2009,2009,9,39,1,21/09/2009,2,F,South West,TQ12 4SY,TQ12 4SY,TQ3 1SU,ENTERED,FALSE,FALSE,TRUE,0,TRUE,TRUE,TRUE,TRUE,TRUE,TRUE,NA,Resident,FALSE,TRUE,FALSE,FALSE,FALSE,FALSE,FALSE,FALSE,UK,50.498969,-3.5701341,50.498969,-3.5701341,50.46532116,-3.578221836
1282,PRIMARY,O157 PT 21/28 stx2a,CONFIRMED,YES,FALSE,Farm B 2009,2009,10,44,5,30/10/2009,5,F,South West,TQ1 3PD,TQ1 3PD,TQ3 1RN,ENTERED,FALSE,TRUE,TRUE,1,TRUE,TRUE,TRUE,TRUE,TRUE,TRUE,NA,Resident,FALSE,TRUE,FALSE,FALSE,FALSE,FALSE,FALSE,FALSE,UK,50.47531416,-3.509644308,50.47531416,-3.509644308,50.45637373,-3.585150336
2139,PRIMARY,O157 PT 21/28 stx2a,CONFIRMED,YES,TRUE,Farm B 2010,2010,7,29,5,16/07/2010,6,M,South West,TQ3 1PG,TQ3 1PG,TQ3 1RN,ENTERED,FALSE,FALSE,FALSE,0,TRUE,TRUE,TRUE,TRUE,TRUE,TRUE,NA,Resident,FALSE,TRUE,FALSE,FALSE,FALSE,FALSE,FALSE,FALSE,UK,50.45917832,-3.595422932,50.45917832,-3.595422932,50.45637373,-3.585150336
2149,SECONDARY,O157 PT 21/28 stx2a,CONFIRMED,YES,FALSE,Farm B 2010,2010,7,30,6,24/07/2010,5,F,South West,TQ3 1AY,TQ3 1AY,TQ3 1RN,ENTERED,FALSE,FALSE,TRUE,0,TRUE,TRUE,TRUE,FALSE,NA,NA,NA,Resident,FALSE,TRUE,FALSE,FALSE,FALSE,FALSE,FALSE,FALSE,UK,50.45095055,-3.58483525,50.45095055,-3.58483525,50.45637373,-3.585150336
2345,PRIMARY,O157 PT 21/28 stx2a,CONFIRMED,YES,TRUE,School B 2010,2010,8,34,2,17/08/2010,1,F,South East,RH20 1LZ,RH20 1LZ,PO19 1RE,ENTERED,FALSE,FALSE,FALSE,0,TRUE,TRUE,FALSE,FALSE,TRUE,FALSE,NA,No,FALSE,TRUE,TRUE,FALSE,FALSE,FALSE,FALSE,FALSE,UK,50.9364397,-0.551472625,50.9364397,-0.551472625,50.83867,-0.78205
2442,UNSURE,O157 PT 21/28 stx2a,CONFIRMED,NO,TRUE,School B 2010,2010,8,36,7,29/08/2010,34,F,South East,RH20 1NJ,RH20 1NJ,PO19 1SN,ENTERED,FALSE,FALSE,FALSE,0,TRUE,FALSE,FALSE,FALSE,TRUE,FALSE,NA,No,FALSE,FALSE,FALSE,FALSE,TRUE,FALSE,FALSE,FALSE,UK,50.93061,-0.56201,50.93061,-0.56201,50.83349,-0.78817
4344,PRIMARY,O157 PT 21/28 stx2a,CONFIRMED,YES,TRUE,Sporadic,2011,11,47,1,14/11/2011,58,F,South West,TR3 6GL,TR3 6GL,TR3 6GL,ENTERED,FALSE,FALSE,FALSE,0,TRUE,TRUE,NA,NA,TRUE,NA,NA,Resident,FALSE,FALSE,FALSE,FALSE,FALSE,FALSE,FALSE,FALSE,UK,50.21785,-5.0857,50.21785,-5.0857,50.21785,-5.0857
4471,UNSURE,O157 PT 21/28 stx2a,CONFIRMED,YES,TRUE,Sporadic,2012,1,1,3,04/01/2012,9,M,Yorkshire and Humber,LS14 6WB,LS14 6WB,LS14 6WB,ENTERED,FALSE,FALSE,FALSE,0,TRUE,NA,NA,NA,NA,NA,USA,No,FALSE,NA,FALSE,FALSE,FALSE,FALSE,FALSE,FALSE,UK,53.80493635,-1.471705418,53.80493635,-1.471705418,53.80493635,-1.471705418
4536,PRIMARY,O157 PT 21/28 stx2a,CONFIRMED,YES,TRUE,Sporadic,2012,2,8,2,21/02/2012,75,M,North East,NE46 2NN,NE46 2NN,NE46 2NN,ENTERED,FALSE,FALSE,TRUE,0,TRUE,TRUE,FALSE,FALSE,TRUE,FALSE,NA,No,FALSE,NA,FALSE,FALSE,FALSE,FALSE,FALSE,FALSE,UK,54.97034,-2.15204,54.97034,-2.15204,54.97034,-2.15204
4634,CO-PRIMARY,O157 PT 21/28 stx2a,CONFIRMED,NO,TRUE,Sporadic,2012,4,14,3,04/04/2012,1,F,South East,PO30 3ER,PO30 3ER,PO30 3ER,ENTERED,FALSE,FALSE,FALSE,0,TRUE,TRUE,NA,TRUE,TRUE,NA,NA,No,FALSE,FALSE,FALSE,FALSE,FALSE,FALSE,FALSE,FALSE,UK,50.65269225,-1.310031144,50.65269225,-1.310031144,50.65269225,-1.310031144
4646,CO-PRIMARY,O157 PT 21/28 stx2a,CONFIRMED,YES,TRUE,Sporadic,2012,4,14,4,05/04/2012,3,M,South East,PO30 3EJ,PO30 3EJ,PO30 3EJ,ENTERED,FALSE,TRUE,TRUE,1,TRUE,TRUE,NA,TRUE,TRUE,NA,NA,No,FALSE,FALSE,FALSE,FALSE,FALSE,FALSE,FALSE,FALSE,UK,50.6612,-1.30044,50.6612,-1.30044,50.6612,-1.30044
4743,PRIMARY,O157 PT 21/28 stx2a,CONFIRMED,YES,TRUE,Sporadic,2012,4,17,5,27/04/2012,3,F,South West,SP2 8EB,SP2 8EB,SP2 8EB,ENTERED,FALSE,FALSE,TRUE,0,TRUE,TRUE,FALSE,FALSE,FALSE,TRUE,NA,Resident,FALSE,TRUE,FALSE,FALSE,FALSE,FALSE,FALSE,FALSE,UK,51.054,-1.80547,51.054,-1.80547,51.054,-1.80547
4752,PRIMARY,O157 PT 21/28 stx2a,CONFIRMED,YES,TRUE,Sporadic,2012,5,19,7,06/05/2012,40,M,South West,BA22 9TG,BA22 9TG,BA22 9TG,ENTERED,FALSE,FALSE,FALSE,0,TRUE,TRUE,TRUE,FALSE,TRUE,TRUE,NA,Resident,FALSE,FALSE,FALSE,FALSE,FALSE,FALSE,TRUE,FALSE,UK,50.91926,-2.62395,50.91926,-2.62395,50.91926,-2.62395
4814,CO-PRIMARY,O157 PT 21/28 stx2a,CONFIRMED,YES,TRUE,Sporadic,2012,5,21,4,24/05/2012,8,M,South West,TQ3 3DA,TQ3 3DA,TQ3 3DA,ENTERED,FALSE,FALSE,TRUE,0,TRUE,TRUE,FALSE,TRUE,TRUE,TRUE,NA,Resident,FALSE,TRUE,FALSE,FALSE,FALSE,FALSE,FALSE,FALSE,UK,50.437086,-3.573789187,50.437086,-3.573789187,50.437086,-3.573789187
4823,PRIMARY,O157 PT 21/28 stx2a,CONFIRMED,YES,TRUE,Sporadic,2012,5,20,4,17/05/2012,6,F,West Midlands,HR2 6EH,HR2 6EH,HR2 6EH,ENTERED,FALSE,TRUE,TRUE,1,TRUE,TRUE,NA,TRUE,TRUE,TRUE,NA,No,FALSE,FALSE,FALSE,FALSE,FALSE,FALSE,FALSE,FALSE,UK,52.04049,-2.69863,52.04049,-2.69863,52.04049,-2.69863
5075,CO-PRIMARY,O157 PT 32 stx2a,CONFIRMED,YES,TRUE,Sporadic,2012,7,29,2,17/07/2012,4,M,South West,HR8 1LW,PL27 7RJ,PL27 7RJ,ENTERED,FALSE,FALSE,FALSE,0,TRUE,TRUE,FALSE,FALSE,TRUE,NA,NA,Yes,FALSE,NA,TRUE,FALSE,FALSE,FALSE,FALSE,FALSE,UK,52.05421,-2.41696,50.50987,-4.91083,50.50987,-4.91083
5121,PRIMARY,O157 PT 21/28 stx2a,CONFIRMED,YES,TRUE,Sporadic,2012,7,30,3,25/07/2012,1,M,South East,SO23 0PU,SO23 0PU,SO23 0PU,ENTERED,FALSE,FALSE,FALSE,0,TRUE,TRUE,FALSE,FALSE,FALSE,TRUE,NA,No,FALSE,FALSE,FALSE,FALSE,FALSE,FALSE,FALSE,FALSE,UK,51.0567,-1.3032,51.0567,-1.3032,51.0567,-1.3032
5132,CO-PRIMARY,O157 PT 32 stx2a,CONFIRMED,NO,TRUE,Sporadic,2012,7,29,2,17/07/2012,4,F,South West,HR8 1LG,PL27 7RH,PL27 7RH,ENTERED,FALSE,FALSE,FALSE,0,TRUE,TRUE,NA,NA,TRUE,NA,NA,Yes,FALSE,FALSE,TRUE,FALSE,FALSE,FALSE,FALSE,FALSE,UK,52.04784,-2.42901,50.50846,-4.91093,50.50846,-4.91093
5700,SECONDARY,O157 PT 21/28 stx2a,CONFIRMED,YES,TRUE,Sporadic,2012,11,45,2,06/11/2012,29,F,North West,LA1 1AY,LA1 1AY,LA1 1AY,ENTERED,FALSE,FALSE,FALSE,0,TRUE,TRUE,FALSE,FALSE,TRUE,FALSE,NA,No,FALSE,NA,FALSE,FALSE,FALSE,FALSE,FALSE,FALSE,UK,54.05167283,-2.801673449,54.05167283,-2.801673449,54.05167283,-2.801673449
5752,PRIMARY,O157 PT 21/28 stx2a,CONFIRMED,YES,TRUE,Sporadic,2012,11,45,6,10/11/2012,45,F,South East,BN1 7HE,BN1 7HE,BN1 7HE,ENTERED,FALSE,FALSE,FALSE,0,TRUE,TRUE,TRUE,TRUE,TRUE,FALSE,NA,No,FALSE,FALSE,FALSE,FALSE,TRUE,FALSE,FALSE,FALSE,UK,50.84603,-0.13096,50.84603,-0.13096,50.84603,-0.13096
5758,SECONDARY,O157 PT 21/28 stx2a,CONFIRMED,YES,TRUE,Sporadic,2012,11,46,1,12/11/2012,48,F,South West,TQ2 6UU,TQ2 6UU,TQ2 6UU,ENTERED,FALSE,FALSE,FALSE,0,TRUE,NA,NA,NA,NA,NA,NA,Resident,FALSE,NA,FALSE,FALSE,FALSE,FALSE,FALSE,FALSE,UK,50.45666076,-3.560589375,50.45666076,-3.560589375,50.45666076,-3.560589375
5767,PRIMARY,O157 PT 21/28 stx2a,CONFIRMED,YES,TRUE,Sporadic,2012,11,47,2,20/11/2012,3,F,Yorkshire and Humber,YO30 1YZ,YO30 1YZ,YO30 1YZ,ENTERED,FALSE,FALSE,FALSE,0,TRUE,TRUE,NA,FALSE,TRUE,NA,NA,No,FALSE,FALSE,FALSE,FALSE,FALSE,FALSE,FALSE,FALSE,UK,53.99683,-1.13037,53.99683,-1.13037,53.99683,-1.13037
5781,SECONDARY,O157 PT 21/28 stx2a,CONFIRMED,YES,TRUE,Sporadic,2012,11,48,1,26/11/2012,24,F,Yorkshire and Humber,YO30 1YA,YO30 1YA,YO30 1YA,ENTERED,FALSE,FALSE,FALSE,0,TRUE,FALSE,TRUE,TRUE,TRUE,FALSE,NA,No,FALSE,NA,FALSE,FALSE,FALSE,FALSE,FALSE,FALSE,UK,54.003,-1.11999,54.003,-1.11999,54.003,-1.11999
5784,UNSURE,O157 PT 21/28 stx2a,CONFIRMED,YES,TRUE,Sporadic,2012,11,48,1,26/11/2012,58,M,South West,TQ2 6UQ,TQ2 6UQ,TQ2 6UQ,ENTERED,TRUE,FALSE,NA,0,NA,NA,NA,NA,NA,NA,NA,Resident,FALSE,NA,FALSE,FALSE,FALSE,FALSE,FALSE,FALSE,UK,50.45784651,-3.557653057,50.45784651,-3.557653057,50.45784651,-3.557653057
5802,PRIMARY,O157 PT 21/28 stx2a,CONFIRMED,YES,TRUE,Sporadic,2012,12,49,2,04/12/2012,3,M,South West,HD4 6QY,BA2 9EG,BA2 9EG,ENTERED,FALSE,FALSE,FALSE,0,TRUE,TRUE,FALSE,TRUE,TRUE,FALSE,NA,Yes,FALSE,FALSE,FALSE,FALSE,FALSE,FALSE,FALSE,FALSE,UK,53.62889,-1.78018,51.34374,-2.44162,51.34374,-2.44162
8427,PRIMARY,O157 PT 21/28 stx2a,CONFIRMED,YES,TRUE,RDM 2014,2014,9,39,7,21/09/2014,12,M,South West,SO50 7GX,SO50 7GX,EX31 4NQ,ENTERED,FALSE,FALSE,TRUE,0,TRUE,TRUE,TRUE,TRUE,TRUE,TRUE,NA,No,TRUE,FALSE,TRUE,FALSE,FALSE,FALSE,FALSE,FALSE,UK,50.97291,-1.30157,50.97291,-1.30157,51.17814,-3.97412
8448,PRIMARY,O157 PT 21/28 stx2a,CONFIRMED,YES,TRUE,RDM 2014,2014,9,39,4,25/09/2014,10,F,South West,CV6 4HW,CV6 4HW,EX31 4NQ,ENTERED,FALSE,FALSE,TRUE,1,TRUE,TRUE,TRUE,TRUE,TRUE,TRUE,NA,No,TRUE,FALSE,TRUE,FALSE,FALSE,FALSE,FALSE,FALSE,UK,52.44796,-1.51488,52.44796,-1.51488,51.17814,-3.97412
8474,PRIMARY,O157 PT 21/28 stx2a,CONFIRMED,YES,TRUE,RDM 2014,2014,9,38,5,19/09/2014,5,M,South West,LE2 4FU,LE2 4FU,EX31 4NQ,ENTERED,FALSE,FALSE,TRUE,0,TRUE,TRUE,TRUE,TRUE,TRUE,FALSE,NA,No,TRUE,FALSE,TRUE,FALSE,FALSE,FALSE,FALSE,FALSE,UK,52.602995,-1.059644241,52.602995,-1.059644241,51.17814,-3.97412
8506,PRIMARY,O157 PT 21/28 stx2a,CONFIRMED,YES,TRUE,RDM 2014,2014,10,41,7,05/10/2014,49,M,South West,PE13 2BX,PE13 2BX,EX31 4NQ,ENTERED,FALSE,FALSE,NA,0,TRUE,TRUE,TRUE,TRUE,TRUE,TRUE,NA,No,TRUE,FALSE,TRUE,FALSE,TRUE,FALSE,FALSE,FALSE,UK,52.66276892,0.170939198,52.66276892,0.170939198,51.17814,-3.97412
8512,PRIMARY,O157 PT 21/28 stx2a,CONFIRMED,YES,TRUE,Sporadic,2014,10,41,1,06/10/2014,12,M,South West,TQ12 4RH,TQ12 4RH,TQ12 4RH,ENTERED,FALSE,FALSE,TRUE,0,TRUE,TRUE,TRUE,TRUE,TRUE,TRUE,NA,Resident,FALSE,NA,FALSE,FALSE,FALSE,FALSE,FALSE,FALSE,UK,50.53024399,-3.559227222,50.53024399,-3.559227222,50.53024399,-3.559227222
8514,PRIMARY,O157 PT 21/28 stx2a,CONFIRMED,YES,TRUE,Sporadic,2014,10,40,6,04/10/2014,35,M,South West,TQ13 9JH,TQ13 9JH,TQ13 9JH,ENTERED,FALSE,FALSE,TRUE,0,TRUE,TRUE,NA,NA,TRUE,NA,NA,Resident,FALSE,FALSE,FALSE,FALSE,TRUE,FALSE,FALSE,FALSE,UK,50.58395479,-3.663089168,50.58395479,-3.663089168,50.58395479,-3.663089168
8579,PRIMARY,O157 PT 21/28 stx2a,CONFIRMED,YES,TRUE,RDM 2014,2014,10,41,1,06/10/2014,5,M,South West,WC1N 1HT,WC1N 1HT,EX31 4NQ,ENTERED,FALSE,FALSE,TRUE,1,TRUE,TRUE,TRUE,TRUE,TRUE,FALSE,NA,No,TRUE,FALSE,TRUE,FALSE,FALSE,FALSE,FALSE,FALSE,UK,51.52372316,-0.125019474,51.52372316,-0.125019474,51.17814,-3.97412
8580,SECONDARY,O157 PT 21/28 stx2a,CONFIRMED,YES,TRUE,RDM 2014,2014,10,42,3,15/10/2014,3,M,South West,WC1N 1NJ,WC1N 1NJ,EX31 4NQ,ENTERED,FALSE,FALSE,TRUE,0,NA,TRUE,FALSE,FALSE,TRUE,FALSE,NA,No,TRUE,NA,TRUE,FALSE,FALSE,FALSE,FALSE,FALSE,UK,51.52517,-0.12483,51.52517,-0.12483,51.17814,-3.97412
8624,PRIMARY,O157 PT 21/28 stx2a,CONFIRMED,YES,TRUE,Sporadic,2014,10,41,1,06/10/2014,31,F,East of England,N5  2LA,HP23 5JU,HP23 5JU,ENTERED,FALSE,FALSE,NA,0,NA,TRUE,NA,NA,TRUE,NA,NA,No,FALSE,NA,FALSE,FALSE,FALSE,FALSE,TRUE,FALSE,UK,51.5606,-0.09247,51.79855,-0.65351,51.79855,-0.65351
8672,PRIMARY,O157 PT 21/28 stx2a,CONFIRMED,YES,TRUE,RDM 2014,2014,10,42,1,13/10/2014,2,M,South West,CV3 6BL,CV3 6BL,EX31 4NQ,ENTERED,FALSE,FALSE,NA,0,TRUE,FALSE,FALSE,FALSE,FALSE,FALSE,NA,No,TRUE,TRUE,TRUE,FALSE,FALSE,FALSE,FALSE,FALSE,UK,52.38384587,-1.533565302,52.38384587,-1.533565302,51.17814,-3.97412
8701,PRIMARY,O157 PT 21/28 stx2a,CONFIRMED,YES,TRUE,RDM 2014,2014,10,43,7,19/10/2014,1,F,South West,SO21 2QF,SO21 2QF,EX31 4NQ,ENTERED,FALSE,FALSE,TRUE,0,TRUE,TRUE,NA,TRUE,TRUE,TRUE,NA,No,TRUE,FALSE,TRUE,FALSE,FALSE,FALSE,FALSE,FALSE,UK,51.1009,-1.36417,51.1009,-1.36417,51.17814,-3.97412
8713,PRIMARY,O157 PT 21/28 stx2a,CONFIRMED,YES,TRUE,Sporadic,2014,10,42,1,13/10/2014,6,M,South West,TR11 5QT,TR11 5QT,TR11 5QT,ENTERED,FALSE,FALSE,FALSE,0,TRUE,TRUE,FALSE,FALSE,TRUE,FALSE,NA,Resident,FALSE,NA,FALSE,FALSE,FALSE,FALSE,FALSE,FALSE,UK,50.14595,-5.20326,50.14595,-5.20326,50.14595,-5.20326
8726,CO-PRIMARY,NA,SUSPECT,NO,FALSE,Sporadic,2014,10,42,6,18/10/2014,8,M,South West,TR11 5QN,TR11 5QN,TR11 5QN,ENTERED,FALSE,FALSE,FALSE,0,TRUE,TRUE,FALSE,FALSE,TRUE,FALSE,NA,Resident,FALSE,NA,FALSE,FALSE,FALSE,FALSE,FALSE,FALSE,UK,50.13416,-5.20883,50.13416,-5.20883,50.13416,-5.20883
8745,SECONDARY,O157 PT 21/28 stx2a,CONFIRMED,YES,TRUE,RDM 2014,2014,10,44,7,26/10/2014,4,M,South West,SO21 2QG,SO21 2QG,EX31 4NQ,ENTERED,FALSE,FALSE,TRUE,0,TRUE,NA,FALSE,FALSE,TRUE,FALSE,NA,No,TRUE,NA,TRUE,FALSE,FALSE,FALSE,FALSE,FALSE,UK,51.09993,-1.3508,51.09993,-1.3508,51.17814,-3.97412
8814,UNSURE,O157 PT 21/28 stx2a,CONFIRMED,YES,TRUE,Sporadic,2014,10,44,3,29/10/2014,4,F,South West,TR13 0NW,TR13 0NW,TR13 0NW,ENTERED,TRUE,FALSE,NA,0,NA,NA,NA,NA,NA,NA,NA,Resident,FALSE,NA,FALSE,FALSE,FALSE,FALSE,FALSE,FALSE,UK,50.13627,-5.21646,50.13627,-5.21646,50.13627,-5.21646
9413,UNSURE,O157 PT 21/28 stx2a,CONFIRMED,YES,TRUE,Sporadic,2015,6,23,3,03/06/2015,42,M,South West,EX4 4AU,EX4 4AU,EX4 4AU,ENTERED,TRUE,FALSE,NA,0,NA,NA,NA,NA,NA,NA,NA,Resident,FALSE,NA,FALSE,FALSE,FALSE,FALSE,FALSE,FALSE,UK,50.7306645,-3.5423502,50.7306645,-3.5423502,50.7306645,-3.5423502
9417,PRIMARY,O157 PT 21/28 stx2a,CONFIRMED,YES,TRUE,Sporadic,2015,6,23,2,02/06/2015,46,F,London,SE15 2JA,SE15 2JA,SE15 2JA,ENTERED,FALSE,FALSE,TRUE,0,TRUE,TRUE,FALSE,FALSE,TRUE,FALSE,NA,No,FALSE,NA,FALSE,TRUE,TRUE,FALSE,FALSE,FALSE,UK,51.47117,-0.0515,51.47117,-0.0515,51.47117,-0.0515
9419,SECONDARY,O157 PT 21/28 stx2a,CONFIRMED,YES,TRUE,Sporadic,2015,5,23,7,31/05/2015,3,M,South West,EX4 4PD,EX4 4PD,EX4 4PD,ENTERED,FALSE,FALSE,NA,0,TRUE,NA,NA,NA,NA,NA,NA,Resident,FALSE,NA,FALSE,FALSE,FALSE,FALSE,FALSE,FALSE,UK,50.73265925,-3.538134463,50.73265925,-3.538134463,50.73265925,-3.538134463
9712,PRIMARY,O157 PT 21/28 stx2a,CONFIRMED,YES,TRUE,Sporadic,2015,8,32,7,02/08/2015,12,M,South West,PL20 6JD,PL20 6JD,PL20 6JD,ENTERED,FALSE,FALSE,FALSE,0,TRUE,TRUE,TRUE,TRUE,TRUE,NA,NA,Resident,FALSE,NA,FALSE,FALSE,FALSE,FALSE,FALSE,FALSE,UK,50.47092,-4.08531,50.47092,-4.08531,50.47092,-4.08531
9741,PRIMARY,O157 PT 21/28 stx2a,CONFIRMED,YES,TRUE,Sporadic,2015,8,32,4,06/08/2015,65,F,South West,TR18 4TB,TR18 4TB,TR18 4TB,ENTERED,FALSE,FALSE,TRUE,0,TRUE,TRUE,FALSE,FALSE,TRUE,FALSE,NA,Resident,FALSE,FALSE,FALSE,FALSE,FALSE,FALSE,FALSE,FALSE,UK,50.11714,-5.55063,50.11714,-5.55063,50.11714,-5.55063
9755,PRIMARY,O157 PT 21/28 stx2a,CONFIRMED,YES,TRUE,Sporadic,2015,7,31,5,31/07/2015,94,F,South West,EX15 1RU,EX31 4HH,EX31 4HH,ENTERED,FALSE,FALSE,FALSE,0,TRUE,TRUE,TRUE,FALSE,TRUE,FALSE,NA,Resident,FALSE,TRUE,FALSE,FALSE,FALSE,FALSE,FALSE,FALSE,UK,50.84651,-3.39578,51.15363,-4.06176,51.15363,-4.06176
9796,PRIMARY,O157 PT 21/28 stx2a,CONFIRMED,YES,TRUE,Sporadic,2015,7,31,2,28/07/2015,1,M,South West,NG8 2AD,EX32 0RH,EX32 0RH,ENTERED,FALSE,FALSE,TRUE,0,TRUE,TRUE,NA,TRUE,FALSE,TRUE,SPAIN,Yes,FALSE,FALSE,FALSE,FALSE,FALSE,FALSE,FALSE,FALSE,UK,52.9530904,-1.2117587,51.0403,-3.89729,51.0403,-3.89729
