<?xml version="1.0" encoding="UTF-8"?>
<metadata xml:lang="en"><Esri><CreaDate>20160114</CreaDate><CreaTime>17472900</CreaTime><ArcGISFormat>1.0</ArcGISFormat><ArcGISstyle>Item Description</ArcGISstyle><SyncOnce>FALSE</SyncOnce><DataProperties><lineage><Process ToolSource="C:\Program Files\ArcGIS\Desktop10.0\ArcToolbox\Toolboxes\Data Management Tools.tbx\CreateFeatureclass" Date="20130604" Time="133039" Name="" export="">CreateFeatureclass c:\temp_delme\metadata_MB_allDatasets.gdb PHEcorp_Centres_En POLYGON # DISABLED DISABLED "PROJCS['British_National_Grid',GEOGCS['GCS_OSGB_1936',DATUM['D_OSGB_1936',SPHEROID['Airy_1830',6377563.396,299.3249646]],PRIMEM['Greenwich',0.0],UNIT['Degree',0.0174532925199433]],PROJECTION['Transverse_Mercator'],PARAMETER['False_Easting',400000.0],PARAMETER['False_Northing',-100000.0],PARAMETER['Central_Meridian',-2.0],PARAMETER['Scale_Factor',0.9996012717],PARAMETER['Latitude_Of_Origin',49.0],UNIT['Meter',1.0]];-5220400 -15524400 10000;-100000 10000;-100000 10000;0.001;0.001;0.001;IsHighPrecision" # 0 0 0</Process><Process ToolSource="c:\program files (x86)\arcgis\desktop10.2\ArcToolbox\Toolboxes\Data Management Tools.tbx\CopyFeatures" Date="20150217" Time="123449" Name="" export="">CopyFeatures "Database Connections\PHEGISDB.sde\PORGISDB01.GISADMIN.PHE_Corporate\PORGISDB01.GISADMIN.PHEcorp_Centres_En" "\\phe\gis\Data Store\PHE\Corporate\Administrative Boundaries\OUTPUT\Administrative_Boundaries_Jul15.gdb\PHEcorp_Centres_En" # 0 0 0</Process><Process ToolSource="c:\program files (x86)\arcgis\desktop10.2\ArcToolbox\Toolboxes\Data Management Tools.tbx\CalculateField" Date="20150217" Time="130145" Name="" export="">CalculateField PHEcorp_Centres_Apr13_En PHECNM [PHE_CENTRE] VB #</Process><Process ToolSource="c:\program files (x86)\arcgis\desktop10.2\ArcToolbox\Toolboxes\Data Management Tools.tbx\CalculateField" Date="20150217" Time="130153" Name="" export="">CalculateField PHEcorp_Centres_Apr13_En PHECCDODS [ORGCODE] VB #</Process><Process ToolSource="c:\program files (x86)\arcgis\desktop10.2\ArcToolbox\Toolboxes\Data Management Tools.tbx\CopyFeatures" Date="20150219" Time="082824">CopyFeatures "\\phe\gis\Data Store\PHE\Corporate\Administrative Boundaries\OUTPUT\Administrative_Boundaries_Jul15.gdb\PHEcorp_Centres_Jul15_En" "Database Connections\gisadmin@porgisdb01.sde\PORGISDB01.GISADMIN.PHE_Corporate\PORGISDB01.GISADMIN.PHEcorp_Centres_Jul15_En" VECTOR 0 0 0</Process></lineage><itemProps><itemName Sync="TRUE">PORGISDB01.GISADMIN.PHEcorp_Centres_Jul15_En</itemName><imsContentType Sync="TRUE">002</imsContentType><itemLocation><linkage Sync="TRUE">Server=PHEGISDB; Service=sde:sqlserver:PHEGISDB\GIS; Database=PORGISDB01; Version=dbo.DEFAULT</linkage><protocol Sync="TRUE">ArcSDE Connection</protocol></itemLocation><nativeExtBox><westBL Sync="TRUE">82672.000000</westBL><eastBL Sync="TRUE">655604.700000</eastBL><southBL Sync="TRUE">5342.699900</southBL><northBL Sync="TRUE">657534.100000</northBL><exTypeCode Sync="TRUE">1</exTypeCode></nativeExtBox></itemProps><coordRef><type Sync="TRUE">Projected</type><geogcsn Sync="TRUE">GCS_OSGB_1936</geogcsn><csUnits Sync="TRUE">Linear Unit: Meter (1.000000)</csUnits><projcsn Sync="TRUE">British_National_Grid</projcsn><peXml Sync="TRUE">&lt;ProjectedCoordinateSystem xsi:type='typens:ProjectedCoordinateSystem' xmlns:xsi='http://www.w3.org/2001/XMLSchema-instance' xmlns:xs='http://www.w3.org/2001/XMLSchema' xmlns:typens='http://www.esri.com/schemas/ArcGIS/10.1'&gt;&lt;WKT&gt;PROJCS[&amp;quot;British_National_Grid&amp;quot;,GEOGCS[&amp;quot;GCS_OSGB_1936&amp;quot;,DATUM[&amp;quot;D_OSGB_1936&amp;quot;,SPHEROID[&amp;quot;Airy_1830&amp;quot;,6377563.396,299.3249646]],PRIMEM[&amp;quot;Greenwich&amp;quot;,0.0],UNIT[&amp;quot;Degree&amp;quot;,0.0174532925199433]],PROJECTION[&amp;quot;Transverse_Mercator&amp;quot;],PARAMETER[&amp;quot;False_Easting&amp;quot;,400000.0],PARAMETER[&amp;quot;False_Northing&amp;quot;,-100000.0],PARAMETER[&amp;quot;Central_Meridian&amp;quot;,-2.0],PARAMETER[&amp;quot;Scale_Factor&amp;quot;,0.9996012717],PARAMETER[&amp;quot;Latitude_Of_Origin&amp;quot;,49.0],UNIT[&amp;quot;Meter&amp;quot;,1.0],AUTHORITY[&amp;quot;EPSG&amp;quot;,27700]]&lt;/WKT&gt;&lt;XOrigin&gt;-5220400&lt;/XOrigin&gt;&lt;YOrigin&gt;-15524400&lt;/YOrigin&gt;&lt;XYScale&gt;10000&lt;/XYScale&gt;&lt;ZOrigin&gt;0&lt;/ZOrigin&gt;&lt;ZScale&gt;1&lt;/ZScale&gt;&lt;MOrigin&gt;0&lt;/MOrigin&gt;&lt;MScale&gt;1&lt;/MScale&gt;&lt;XYTolerance&gt;0.001&lt;/XYTolerance&gt;&lt;ZTolerance&gt;0.001&lt;/ZTolerance&gt;&lt;MTolerance&gt;0.001&lt;/MTolerance&gt;&lt;HighPrecision&gt;true&lt;/HighPrecision&gt;&lt;WKID&gt;27700&lt;/WKID&gt;&lt;LatestWKID&gt;27700&lt;/LatestWKID&gt;&lt;/ProjectedCoordinateSystem&gt;</peXml></coordRef></DataProperties><SyncDate>20150219</SyncDate><SyncTime>08282100</SyncTime><ModDate>20150219</ModDate><ModTime>08282100</ModTime><scaleRange><minScale>150000000</minScale><maxScale>5000</maxScale></scaleRange><ArcGISProfile>ItemDescription</ArcGISProfile></Esri><dataIdInfo><envirDesc Sync="TRUE">Microsoft Windows 7 Version 6.1 (Build 7601) Service Pack 1; Esri ArcGIS 10.2.0.3348</envirDesc><dataLang><languageCode value="eng" Sync="TRUE"/><countryCode value="GBR" Sync="TRUE"/></dataLang><idCitation><resTitle Sync="FALSE">Public Health England Centre (PHEC) Boundaries</resTitle><presForm><PresFormCd value="005" Sync="TRUE"/></presForm></idCitation><spatRpType><SpatRepTypCd value="001" Sync="TRUE"/></spatRpType><idPurp>Public Health England Centre (PHEC) Boundaries</idPurp><idAbs>&lt;DIV STYLE="text-align:Left;"&gt;&lt;DIV&gt;&lt;DIV&gt;&lt;P STYLE="margin:0 0 0 0;"&gt;&lt;SPAN&gt;&lt;SPAN&gt;OPEN DATA.&lt;/SPAN&gt;&lt;/SPAN&gt;&lt;/P&gt;&lt;P /&gt;&lt;P STYLE="margin:0 0 0 0;"&gt;&lt;SPAN&gt;&lt;SPAN&gt;Public Health England Centre (PHEC) boundaries &lt;/SPAN&gt;&lt;/SPAN&gt;&lt;SPAN&gt;as at &lt;/SPAN&gt;&lt;SPAN&gt;July 2015&lt;/SPAN&gt;&lt;SPAN&gt;&lt;SPAN&gt;. &lt;/SPAN&gt;&lt;/SPAN&gt;&lt;SPAN&gt;&lt;SPAN&gt;The field headings in this file are as follows: PHECNM - PHE Centre Name. - PHECCDGSS – 9 character GSS code for PHE Centre. – PHECCDODS - 8 character ODS code for PHE Centre.&lt;/SPAN&gt;&lt;/SPAN&gt;&lt;SPAN&gt;&lt;SPAN /&gt;&lt;/SPAN&gt;&lt;SPAN&gt;&lt;SPAN&gt;The boundaries are Intermediate/Generalised (20m). Intermediate datasets are designed for high quality mapping, preserving much of the original detail from the full dataset, but typically 10% of the file size. They are great when used in conjunction with the OS raster products and for producing detailed regional and local maps, or large wall maps. They are also suitable for non-demanding GIS analyses (such as buffering). Intermediate datasets are a good compromise between detail and small file size. They have also been clipped to the clipped to the coastline (Mean High Water mark), giving the coastline a more orthodox appearance. These boundaries have been modified by PHE to remove major estuaries/rivers that extend far in land. Please note that this product contains both Ordnance Survey and ONS Intellectual Property Rights.&lt;/SPAN&gt;&lt;/SPAN&gt;&lt;/P&gt;&lt;/DIV&gt;&lt;/DIV&gt;&lt;/DIV&gt;</idAbs><idCredit>Contains Ordnance Survey data © Crown copyright and database right [year]. Contains National Statistics data © Crown copyright and database right [year].</idCredit><searchKeys><keyword>Public Health England</keyword><keyword>Health</keyword><keyword>PHE</keyword><keyword>ONS</keyword><keyword>OPEN DATA</keyword></searchKeys><resConst><Consts><useLimit>&lt;DIV STYLE="text-align:Left;"&gt;&lt;DIV&gt;&lt;DIV&gt;&lt;P&gt;&lt;SPAN&gt;&lt;SPAN&gt;OPEN DATA.&lt;/SPAN&gt;&lt;/SPAN&gt;&lt;/P&gt;&lt;P&gt;&lt;SPAN&gt;&lt;SPAN&gt;Include statement: "Contains Ordnance Survey data © Crown copyright and database right [year]. Contains National Statistics data © Crown copyright and database right [year]."&lt;/SPAN&gt;&lt;/SPAN&gt;&lt;/P&gt;&lt;P&gt;&lt;A href="http://www.ordnancesurvey.co.uk/docs/licences/os-opendata-licence.pdf"&gt;&lt;SPAN&gt;&lt;SPAN&gt;http://www.ordnancesurvey.co.uk/docs/licences/os-opendata-licence.pdf&lt;/SPAN&gt;&lt;/SPAN&gt;&lt;/A&gt;&lt;/P&gt;&lt;P&gt;&lt;A href="https://www.nationalarchives.gov.uk/doc/open-government-licence/version/2/"&gt;&lt;SPAN&gt;&lt;SPAN&gt;https://www.nationalarchives.gov.uk/doc/open-government-licence/version/2/&lt;/SPAN&gt;&lt;/SPAN&gt;&lt;/A&gt;&lt;/P&gt;&lt;/DIV&gt;&lt;/DIV&gt;&lt;/DIV&gt;</useLimit></Consts></resConst><dataExt><geoEle xmlns=""><GeoBndBox esriExtentType="search"><exTypeCode Sync="TRUE">1</exTypeCode><westBL Sync="TRUE">-7.052768</westBL><eastBL Sync="TRUE">2.073078</eastBL><northBL Sync="TRUE">55.811101</northBL><southBL Sync="TRUE">49.863445</southBL></GeoBndBox></geoEle></dataExt></dataIdInfo><mdLang><languageCode value="eng" Sync="TRUE"/><countryCode value="GBR" Sync="TRUE"/></mdLang><GEMINI_Metadata><IdentificationInfo><spatialRepresentationType codeList="001"/><extent><geographicElement><westBoundLongitude>-7.052768</westBoundLongitude><eastBoundLongitude>2.073077</eastBoundLongitude><northBoundLatitude>55.811100</northBoundLatitude><southBoundLatitude>49.863445</southBoundLatitude></geographicElement></extent></IdentificationInfo><dateStamp>20150217</dateStamp><metadataStandardName>UK GEMINI Standard</metadataStandardName><metadataStandardVersion>1.0</metadataStandardVersion><referenceSystemInfo><referenceSystemIdentifier><code>001</code></referenceSystemIdentifier></referenceSystemInfo></GEMINI_Metadata><distInfo><distFormat><formatName Sync="TRUE">SDE Feature Class</formatName></distFormat></distInfo><mdHrLv><ScopeCd value="005" Sync="TRUE"/></mdHrLv><mdHrLvName Sync="TRUE">dataset</mdHrLvName><refSysInfo><RefSystem><refSysID><identCode code="27700" Sync="TRUE"/><idCodeSpace Sync="TRUE">EPSG</idCodeSpace><idVersion Sync="TRUE">8.1.1</idVersion></refSysID></RefSystem></refSysInfo><spatRepInfo><VectSpatRep><geometObjs Name="PORGISDB01.GISADMIN.PHEcorp_Centres_Jul15_En"><geoObjTyp><GeoObjTypCd value="002" Sync="TRUE"/></geoObjTyp><geoObjCnt Sync="TRUE">0</geoObjCnt></geometObjs><topLvl><TopoLevCd value="001" Sync="TRUE"/></topLvl></VectSpatRep></spatRepInfo><spdoinfo><ptvctinf><esriterm Name="PORGISDB01.GISADMIN.PHEcorp_Centres_Jul15_En"><efeatyp Sync="TRUE">Simple</efeatyp><efeageom code="4" Sync="TRUE"/><esritopo Sync="TRUE">FALSE</esritopo><efeacnt Sync="TRUE">0</efeacnt><spindex Sync="TRUE">TRUE</spindex><linrefer Sync="TRUE">FALSE</linrefer></esriterm></ptvctinf></spdoinfo><eainfo><detailed Name="PORGISDB01.GISADMIN.PHEcorp_Centres_Jul15_En"><enttyp><enttypl Sync="TRUE">PORGISDB01.GISADMIN.PHEcorp_Centres_Jul15_En</enttypl><enttypt Sync="TRUE">Feature Class</enttypt><enttypc Sync="TRUE">0</enttypc></enttyp><attr><attrlabl Sync="TRUE">OBJECTID</attrlabl><attalias Sync="TRUE">OBJECTID</attalias><attrtype Sync="TRUE">OID</attrtype><attwidth Sync="TRUE">4</attwidth><atprecis Sync="TRUE">10</atprecis><attscale Sync="TRUE">0</attscale><attrdef Sync="TRUE">Internal feature number.</attrdef><attrdefs Sync="TRUE">Esri</attrdefs><attrdomv><udom Sync="TRUE">Sequential unique whole numbers that are automatically generated.</udom></attrdomv></attr><attr><attrlabl Sync="TRUE">Shape</attrlabl><attalias Sync="TRUE">Shape</attalias><attrtype Sync="TRUE">Geometry</attrtype><attwidth Sync="TRUE">4</attwidth><atprecis Sync="TRUE">0</atprecis><attscale Sync="TRUE">0</attscale><attrdef Sync="TRUE">Feature geometry.</attrdef><attrdefs Sync="TRUE">Esri</attrdefs><attrdomv><udom Sync="TRUE">Coordinates defining the features.</udom></attrdomv></attr><attr><attrlabl Sync="TRUE">PHECNM</attrlabl><attalias Sync="TRUE">PHECNM</attalias><attrtype Sync="TRUE">String</attrtype><attwidth Sync="TRUE">20</attwidth><atprecis Sync="TRUE">0</atprecis><attscale Sync="TRUE">0</attscale></attr><attr><attrlabl Sync="TRUE">PHECCDGSS</attrlabl><attalias Sync="TRUE">PHECCDGSS</attalias><attrtype Sync="TRUE">String</attrtype><attwidth Sync="TRUE">9</attwidth><atprecis Sync="TRUE">0</atprecis><attscale Sync="TRUE">0</attscale></attr><attr><attrlabl Sync="TRUE">PHECCDODS</attrlabl><attalias Sync="TRUE">PHECDODS</attalias><attrtype Sync="TRUE">String</attrtype><attwidth Sync="TRUE">8</attwidth><atprecis Sync="TRUE">0</atprecis><attscale Sync="TRUE">0</attscale></attr><attr><attrlabl Sync="TRUE">Shape.STArea()</attrlabl><attalias Sync="TRUE">Shape.STArea()</attalias><attrtype Sync="TRUE">Double</attrtype><attwidth Sync="TRUE">0</attwidth><atprecis Sync="TRUE">0</atprecis><attscale Sync="TRUE">0</attscale></attr><attr><attrlabl Sync="TRUE">Shape.STLength()</attrlabl><attalias Sync="TRUE">Shape.STLength()</attalias><attrtype Sync="TRUE">Double</attrtype><attwidth Sync="TRUE">0</attwidth><atprecis Sync="TRUE">0</atprecis><attscale Sync="TRUE">0</attscale></attr></detailed></eainfo><mdDateSt Sync="TRUE">20150219</mdDateSt><gmd:GEMINI_Metadata xmlns:gmd="http://www.isotc211.org/2005/gmd" xmlns:xsi="http://www.w3.org/2001/XMLSchema-instance" xmlns:gco="http://www.isotc211.org/2005/gco" xmlns:srv="http://www.isotc211.org/2005/srv" xmlns:gts="http://www.isotc211.org/2005/gts" xmlns:gml="http://www.opengis.net/gml" xmlns:xlink="http://www.w3.org/1999/xlink" xmlns:msxsl="urn:schemas-microsoft-com:xslt"><gmd:fileIdentifier><gco:CharacterString>6f78ae37-49c5-414e-8c2f-47b25fbde654</gco:CharacterString></gmd:fileIdentifier><gmd:hierarchyLevel><gmd:MD_ScopeCode codeList="http://standards.iso.org/ittf/PubliclyAvailableStandards/ISO_19139_Schemas/resources/Codelist/gmxCodelists.xml#MD_ScopeCode" codeListValue="dataset">Dataset</gmd:MD_ScopeCode></gmd:hierarchyLevel><gmd:dateStamp><gco:Date>2015-02-17</gco:Date></gmd:dateStamp><gmd:language><gmd:LanguageCode codeList="http://www.loc.gov/standards/iso639-2/php/code_list.php" codeListValue="eng">English</gmd:LanguageCode></gmd:language><gmd:identificationInfo><gmd:MD_DataIdentification><gmd:language><gmd:LanguageCode codeList="http://www.loc.gov/standards/iso639-2/php/code_list.php" codeListValue="eng">English</gmd:LanguageCode></gmd:language><gmd:abstract><gco:CharacterString>OPEN DATA.

Public Health England Centre (PHEC) boundaries as at July 2015. The field headings in this file are as follows: PHECNM - PHE Centre Name. - PHECCDGSS – 9 character GSS code for PHE Centre. – PHECCDODS - 8 character ODS code for PHE Centre.The boundaries are Intermediate/Generalised (20m). Intermediate datasets are designed for high quality mapping, preserving much of the original detail from the full dataset, but typically 10% of the file size. They are great when used in conjunction with the OS raster products and for producing detailed regional and local maps, or large wall maps. They are also suitable for non-demanding GIS analyses (such as buffering). Intermediate datasets are a good compromise between detail and small file size. They have also been clipped to the clipped to the coastline (Mean High Water mark), giving the coastline a more orthodox appearance. These boundaries have been modified by PHE to remove major estuaries/rivers that extend far in land. Please note that this product contains both Ordnance Survey and ONS Intellectual Property Rights.</gco:CharacterString></gmd:abstract><gmd:spatialResolution><gmd:MD_Resolution><gmd:distance><gco:Distance uom="Meters">1</gco:Distance></gmd:distance></gmd:MD_Resolution></gmd:spatialResolution><gmd:citation><gmd:CI_Citation><gmd:title><gco:CharacterString>Public Health England Centre (PHEC)  Boundaries</gco:CharacterString></gmd:title><gmd:alternateTitle><gco:CharacterString>PHECs</gco:CharacterString></gmd:alternateTitle><gmd:date><gmd:CI_Date><gmd:date><gco:Date>2015-07-01</gco:Date></gmd:date><gmd:dateType><gmd:CI_DateTypeCode codeList="http://standards.iso.org/ittf/PubliclyAvailableStandards/ISO_19139_Schemas/resources/Codelist/gmxCodelists.xml#CI_DateTypeCode" codeListValue="revision">Revision</gmd:CI_DateTypeCode></gmd:dateType></gmd:CI_Date></gmd:date><gmd:identifier><gmd:RS_Identifier><gmd:code><gco:CharacterString>PHEcorp_Centres_Jul15_En</gco:CharacterString></gmd:code><gmd:codeSpace><gco:CharacterString/></gmd:codeSpace></gmd:RS_Identifier></gmd:identifier></gmd:CI_Citation></gmd:citation><gmd:topicCategory><gmd:MD_TopicCategoryCode>boundaries</gmd:MD_TopicCategoryCode></gmd:topicCategory><gmd:topicCategory><gmd:MD_TopicCategoryCode>health</gmd:MD_TopicCategoryCode></gmd:topicCategory><gmd:descriptiveKeywords><gmd:MD_Keywords><gmd:keyword><gco:CharacterString>Public Health England</gco:CharacterString></gmd:keyword><gmd:keyword><gco:CharacterString>Health</gco:CharacterString></gmd:keyword><gmd:keyword><gco:CharacterString>PHE</gco:CharacterString></gmd:keyword><gmd:keyword><gco:CharacterString>ONS</gco:CharacterString></gmd:keyword><gmd:keyword><gco:CharacterString>OPEN DATA</gco:CharacterString></gmd:keyword><gmd:keyword><gco:CharacterString>Centres</gco:CharacterString></gmd:keyword><gmd:thesaurusName><gmd:CI_Citation><gmd:title><gco:CharacterString/></gmd:title></gmd:CI_Citation></gmd:thesaurusName><gmd:type><gmd:MD_KeywordTypeCode codeList="http://standards.iso.org/ittf/PubliclyAvailableStandards/ISO_19139_Schemas/resources/Codelist/gmxCodelists.xml#MD_KeywordTypeCode" codeListValue="theme">Theme</gmd:MD_KeywordTypeCode></gmd:type></gmd:MD_Keywords></gmd:descriptiveKeywords><gmd:extent><gmd:EX_Extent><gmd:geographicElement><gmd:EX_GeographicDescription><gmd:geographicIdentifier><gmd:RS_Identifier><gmd:code><gco:CharacterString>ENG</gco:CharacterString></gmd:code><gmd:authority><gmd:CI_Citation><gmd:title><gco:CharacterString>England</gco:CharacterString></gmd:title><gmd:date><gmd:CI_Date><gmd:date><gco:Date/></gmd:date><gmd:dateType><gmd:CI_DateTypeCode codeList="http://standards.iso.org/ittf/PubliclyAvailableStandards/ISO_19139_Schemas/resources/Codelist/gmxCodelists.xml#CI_DateTypeCode" codeListValue=""/></gmd:dateType></gmd:CI_Date></gmd:date></gmd:CI_Citation></gmd:authority></gmd:RS_Identifier></gmd:geographicIdentifier></gmd:EX_GeographicDescription></gmd:geographicElement><gmd:geographicElement><gmd:EX_GeographicBoundingBox><gmd:westBoundLongitude><gco:Decimal>-9.496387</gco:Decimal></gmd:westBoundLongitude><gmd:eastBoundLongitude><gco:Decimal>3.634744</gco:Decimal></gmd:eastBoundLongitude><gmd:southBoundLatitude><gco:Decimal>49.766186</gco:Decimal></gmd:southBoundLatitude><gmd:northBoundLatitude><gco:Decimal>61.581679</gco:Decimal></gmd:northBoundLatitude></gmd:EX_GeographicBoundingBox></gmd:geographicElement><gmd:temporalElement><gmd:EX_TemporalExtent><gmd:extent><gml:TimePeriod><gml:beginPosition>2015-07-01</gml:beginPosition><gml:endPosition/></gml:TimePeriod></gmd:extent></gmd:EX_TemporalExtent></gmd:temporalElement><gmd:verticalElement><gmd:EX_VerticalExtent><gmd:minimumValue><gco:Real>-1</gco:Real></gmd:minimumValue><gmd:maximumValue><gco:Real>1</gco:Real></gmd:maximumValue><gmd:verticalCRS xlink:href=""/></gmd:EX_VerticalExtent></gmd:verticalElement></gmd:EX_Extent></gmd:extent><gmd:supplementalInformation><gco:CharacterString>https://www.gov.uk/government/publications/phe-centre-addresses-and-phone-numbers</gco:CharacterString></gmd:supplementalInformation><gmd:pointOfContact><gmd:CI_ResponsibleParty><gmd:individualName><gco:CharacterString>GIS Team, Emergency Response Department</gco:CharacterString></gmd:individualName><gmd:organisationName><gco:CharacterString>Public Health England</gco:CharacterString></gmd:organisationName><gmd:positionName><gco:CharacterString>GIS Team</gco:CharacterString></gmd:positionName><gmd:contactInfo><gmd:CI_Contact><gmd:address><gmd:CI_Address><gmd:deliveryPoint><gco:CharacterString>Emergency Response Department</gco:CharacterString></gmd:deliveryPoint><gmd:city><gco:CharacterString>Porton Down, Salisbury</gco:CharacterString></gmd:city><gmd:administrativeArea><gco:CharacterString>Wiltshire</gco:CharacterString></gmd:administrativeArea><gmd:postalCode><gco:CharacterString>SP4 0JG</gco:CharacterString></gmd:postalCode><gmd:electronicMailAddress><gco:CharacterString>gis@phe.gov.uk</gco:CharacterString></gmd:electronicMailAddress></gmd:CI_Address></gmd:address><gmd:phone><gmd:CI_Telephone><gmd:voice><gco:CharacterString>01980-616937</gco:CharacterString></gmd:voice><gmd:facsimile><gco:CharacterString>01980-619924</gco:CharacterString></gmd:facsimile></gmd:CI_Telephone></gmd:phone></gmd:CI_Contact></gmd:contactInfo><gmd:role><gmd:CI_RoleCode codeList="http://standards.iso.org/ittf/PubliclyAvailableStandards/ISO_19139_Schemas/resources/Codelist/gmxCodelists.xml#MD_ScopeCode" codeListValue="pointOfContact">Point of contact</gmd:CI_RoleCode></gmd:role></gmd:CI_ResponsibleParty></gmd:pointOfContact><gmd:resourceConstraints><gmd:MD_Constraints><gmd:useLimitation><gco:CharacterString>OPEN DATA.</gco:CharacterString></gmd:useLimitation><gmd:useLimitation><gco:CharacterString>Include statement: "Contains Ordnance Survey data © Crown copyright and database right [year]. Contains National Statistics data © Crown copyright and database right [year]."</gco:CharacterString></gmd:useLimitation><gmd:useLimitation><gco:CharacterString>http://www.ordnancesurvey.co.uk/docs/licences/os-opendata-licence.pdf</gco:CharacterString></gmd:useLimitation><gmd:useLimitation><gco:CharacterString>https://www.nationalarchives.gov.uk/doc/open-government-licence/version/2/</gco:CharacterString></gmd:useLimitation></gmd:MD_Constraints></gmd:resourceConstraints><gmd:resourceConstraints><gmd:MD_LegalConstraints><gmd:otherConstraints><gco:CharacterString>Copyright</gco:CharacterString></gmd:otherConstraints><gmd:otherConstraints><gco:CharacterString>License</gco:CharacterString></gmd:otherConstraints></gmd:MD_LegalConstraints></gmd:resourceConstraints><gmd:resourceMaintenance><gmd:MD_MaintenanceInformation><gmd:maintenanceAndUpdateFrequency><gmd:MD_MaintenanceFrequencyCode codeList="http://standards.iso.org/ittf/PubliclyAvailableStandards/ISO_19139_Schemas/resources/Codelist/gmxCodelists.xml#MD_MaintenanceFrequencyCode" codeListValue="irregular">Irregular</gmd:MD_MaintenanceFrequencyCode></gmd:maintenanceAndUpdateFrequency></gmd:MD_MaintenanceInformation></gmd:resourceMaintenance></gmd:MD_DataIdentification></gmd:identificationInfo><gmd:distributionInfo><gmd:MD_Distribution><gmd:transferOptions><gmd:MD_DigitalTransferOptions><gmd:onLine><gmd:CI_OnlineResource><gmd:linkage><gmd:URL>Blank</gmd:URL></gmd:linkage></gmd:CI_OnlineResource></gmd:onLine></gmd:MD_DigitalTransferOptions></gmd:transferOptions><gmd:distributionFormat><gmd:MD_Format><gmd:name><gco:CharacterString>ESRI SDE - SQL Server</gco:CharacterString></gmd:name><gmd:version><gco:CharacterString/></gmd:version></gmd:MD_Format></gmd:distributionFormat></gmd:MD_Distribution></gmd:distributionInfo><gmd:dataQualityInfo><gmd:DQ_DataQuality><gmd:lineage><gmd:LI_Lineage><gmd:statement><gco:CharacterString>This dataset was built from ONS Geography's corrected version of Ordnance Survey Boundary-Line.  The boundaries created from a Local Authority to PHEC lookup table, agreed with the PHE's 4 Regional Directors and the DH.</gco:CharacterString></gmd:statement></gmd:LI_Lineage></gmd:lineage></gmd:DQ_DataQuality></gmd:dataQualityInfo><gmd:referenceSystemInfo><gmd:MD_ReferenceSystem><gmd:referenceSystemIdentifier><gmd:RS_Identifier><gmd:code><gco:CharacterString>Great Britain National Grid</gco:CharacterString></gmd:code></gmd:RS_Identifier></gmd:referenceSystemIdentifier></gmd:MD_ReferenceSystem></gmd:referenceSystemInfo><gmd:contact><gmd:CI_ResponsibleParty><gmd:individualName><gco:CharacterString>GIS Team, Emergency Response Department</gco:CharacterString></gmd:individualName><gmd:organisationName><gco:CharacterString>Public Health England</gco:CharacterString></gmd:organisationName><gmd:positionName><gco:CharacterString>GIS Team</gco:CharacterString></gmd:positionName><gmd:contactInfo><gmd:CI_Contact><gmd:address><gmd:CI_Address><gmd:deliveryPoint><gco:CharacterString>Emergency Response Department</gco:CharacterString></gmd:deliveryPoint><gmd:city><gco:CharacterString>Porton Down, Salisbury</gco:CharacterString></gmd:city><gmd:administrativeArea><gco:CharacterString>Wiltshire</gco:CharacterString></gmd:administrativeArea><gmd:postalCode><gco:CharacterString>SP4 0JG</gco:CharacterString></gmd:postalCode><gmd:electronicMailAddress><gco:CharacterString>gis@phe.gov.uk</gco:CharacterString></gmd:electronicMailAddress><gmd:country><gmd:Country codeList="http://standards.iso.org/ittf/PubliclyAvailableStandards/ISO_19139_Schemas/resources/Codelist/ML_gmxCodelists.xml#Country" codeListValue="GBR">United Kingdom of Great Britain &amp; N. Ireland</gmd:Country></gmd:country></gmd:CI_Address></gmd:address><gmd:phone><gmd:CI_Telephone><gmd:voice><gco:CharacterString>01980-616937</gco:CharacterString></gmd:voice><gmd:facsimile><gco:CharacterString>01980-619924</gco:CharacterString></gmd:facsimile></gmd:CI_Telephone></gmd:phone></gmd:CI_Contact></gmd:contactInfo><gmd:role><gmd:CI_RoleCode codeList="http://standards.iso.org/ittf/PubliclyAvailableStandards/ISO_19139_Schemas/resources/Codelist/gmxCodelists.xml#MD_ScopeCode" codeListValue="pointOfContact">Point of contact</gmd:CI_RoleCode></gmd:role></gmd:CI_ResponsibleParty></gmd:contact></gmd:GEMINI_Metadata></metadata>
